date,event,category
2026-09-03,ordered,Toy
2026-09-02,shipped,Electronics (3)
2026-09-02,shipped,Watches
2026-09-02,shipped,Tools
2026-09-01,shipped,Nutrition
2026-09-01,ordered,Electronics (4)
2026-09-01,ordered,Watches
2026-09-01,ordered,Nutrition
2026-09-01,ordered,Tools
2026-09-01,delivered,Beauty
2026-08-31,shipped,Beauty
2026-08-31,delivered,Camera
2026-08-30,delivered,Camera
2026-08-30,shipped,Beauty
2026-08-29,ordered,Camera
2026-08-28,delivered,Hardware
2026-08-28,shipped,Hardware
2026-08-27,ordered,Hardware
2026-08-27,shipped,Hardware
2026-08-26,ordered,Hardware
2026-08-26,ordered,Beauty
2026-08-21,delivered,Hardware
2026-08-21,delivered,Beauty
2026-08-20,shipped,Beauty
2026-08-20,shipped,Hardware
